HudongItem,relation,NewNode
桑叶悬钩子,instance of,生物分类单元
桑叶悬钩子,taxon rank,种
云南悬钩子,instance of,生物分类单元
云南悬钩子,taxon rank,种
耳叶悬钩子,instance of,生物分类单元
耳叶悬钩子,taxon rank,种
海南荛花,instance of,生物分类单元
黄皮小檗,instance of,生物分类单元
大序悬钩子,instance of,生物分类单元
细叶荛花,instance of,生物分类单元
海南荛花,taxon rank,种
黄皮小檗,taxon rank,种
大序悬钩子,taxon rank,种
弓茎悬钩子,instance of,生物分类单元
细叶荛花,taxon rank,种
短柄悬钩子,instance of,生物分类单元
长叶悬钩子,instance of,生物分类单元
黄毛悬钩子,instance of,生物分类单元
锈叶悬钩子,instance of,生物分类单元
腺毛高粱泡,instance of,生物分类单元
互生叶荛花,instance of,生物分类单元
麻栗坡悬钩子,instance of,生物分类单元
海南荛花,parent taxon,Laplacea
黄皮小檗,parent taxon,小檗属
弓茎悬钩子,taxon rank,种
细叶荛花,parent taxon,Laplacea
短柄悬钩子,taxon rank,种
长叶悬钩子,taxon rank,种
黄毛悬钩子,taxon rank,种
锈叶悬钩子,taxon rank,种
腺毛高粱泡,taxon rank,种
互生叶荛花,taxon rank,种
台湾勾儿茶,instance of,生物分类单元
麻栗坡悬钩子,taxon rank,种
黄皮小檗,IUCN conservation status,易危物种
绿背白珠,instance of,生物分类单元
大萼杜鹃,instance of,生物分类单元
冕宁杜鹃,instance of,生物分类单元
云上杜鹃,instance of,生物分类单元
褐叶杜鹃,instance of,生物分类单元
菱形叶杜鹃,instance of,生物分类单元
互生叶荛花,parent taxon,Laplacea
台湾勾儿茶,taxon rank,种
绿背白珠,taxon rank,种
大萼杜鹃,taxon rank,种
冕宁杜鹃,taxon rank,种
云上杜鹃,taxon rank,种
褐叶杜鹃,taxon rank,种
菱形叶杜鹃,taxon rank,种
大萼杜鹃,parent taxon,杜鹃花属
冕宁杜鹃,parent taxon,杜鹃花属
云上杜鹃,parent taxon,杜鹃花属
褐叶杜鹃,parent taxon,杜鹃花属
菱形叶杜鹃,parent taxon,杜鹃花属
墨脱马银花,instance of,生物分类单元
墨脱马银花,taxon rank,种
墨脱马银花,parent taxon,杜鹃花属
长轴杜鹃,instance of,生物分类单元
狭叶女贞,instance of,生物分类单元
瘤枝密花树,instance of,生物分类单元
拟密花树,instance of,生物分类单元
多痕密花树,instance of,生物分类单元
凉山杜鹃,instance of,生物分类单元
薄叶马银花,instance of,生物分类单元
狭叶女贞,taxon rank,种
瘤枝密花树,taxon rank,种
拟密花树,taxon rank,种
多痕密花树,taxon rank,种
凉山杜鹃,taxon rank,种
薄叶马银花,taxon rank,种
长叶女贞,instance of,生物分类单元
散生女贞,instance of,生物分类单元
细女贞,instance of,生物分类单元
丽叶女贞,instance of,生物分类单元
吉隆女贞,instance of,生物分类单元
狭叶女贞,parent taxon,女桢属
